position,salary_lower,salary_upper,main_skill,seniority,main_category
Remote Test Automation Engineer,16000,20000,java,Mid,Testing
Site Reliability Engineer (SRE),12000,22000,java,Mid,DevOps
Project Coordinatior,10080,12600,,Mid,Project Manager
PHP Developer,14200,20000,php,Senior,Backend
Remote Technical Support Engineer,10080,11760,,Mid,Support
Senior Application Support Analyst,18480,23520,,Senior,Support
Murex Consultant,30240,33600,,Mid,Other
Senior Site Reliability Engineer (SRE),22000,32000,java,Senior,DevOps
Salesforce Senior Developer,12000,20000,java,Mid,Backend
Remote Mid QA Automation Engineer,12700,18200,cypress,Mid,Testing
Remote React Developer,20000,23000,react,Senior,Frontend
Regular & Senior Java Developer,20000,30000,java,Mid,Backend
Software Engineer (Python) - Data&AI,12800,23200,python,Mid,Backend
Senior Backend Engineer,22500,28000,typescript,Mid,Backend
"Staff Backend Engineer (Web3, FinTech)",30500,39500,typescript,Expert,Backend
Staff Site Reliability Engineer (Web3),30500,39500,gcp,Expert,DevOps
Automation Test Engineer,20160,30240,java,Mid,Testing
Product Specialist- Access Platform,13000,19000,,Mid,Product Management
Power BI Developer with French,13440,23520,,Mid,Business Intelligence
Power BI Developer,14000,19000,,Mid,Business Intelligence
Senior WAM Business Analyst,22000,25000,,Senior,Business Analysis
Big Data Architect (Elasticsearch),21000,27300,elasticsearch,Senior,Big Data
Senior BI Consultant/Engineer,18000,25000,,Senior,Business Intelligence
Software Engineer (Python),12500,17600,python,Mid,Backend
Remote Java Backend Developer,24360,27720,java,Mid,Backend
Remote React Developer,15000,20000,react,Mid,Frontend
Senior Software Engineer (Python),16900,23200,python,Senior,Backend
Remote Ruby on Rails Developer,12000,23000,ruby on rails,Mid,Backend
IT Technical Writer,7000,12000,,Mid,Other
PHP Developer,12000,19000,php,Mid,Backend
Senior Data & Chemical Process Engineer,25000,35000,,Senior,Business Intelligence
Remote Frontend Developer,13500,15000,javascript,Mid,Frontend
Senior JavaScript Software Engineer,18780,37561,javascript,Senior,Frontend
Senior Project / Delivery Manager,17000,22000,,Senior,Project Manager
Mobile Automation QA Engineer,14085,23476,java,Mid,Testing
JavaScript Senior/Lead Developer,19320,31920,javascript,Senior,Frontend
Senior Oracle Developer,19320,31920,,Senior,Other
Frontend Developer (Angular/React),18780,37561,react,Mid,Frontend
Senior/Expert React Developer,28560,33600,react,Senior,Frontend
Android Senior/Lead Developer,20160,33600,android,Senior,Mobile
Golang Developer,32866,37561,golang,Mid,Backend
Analityk Biznesowy-Systemowy (remote),18000,22000,,Mid,Business Analysis
Remote Mid Cloud Engineer,23520,27720,,Mid,IT Administrator
Product Delivery Manager/Project Manager,12000,16000,,Mid,Product Management
Remote Business Analyst,10080,13440,,Mid,Business Analysis
Database administrator (MS SQL),19000,20000,,Mid,IT Administrator
Technical Integration Lead,23000,34000,,Senior,Other
Remote Frontend Developer,14000,22000,javascript,Mid,Frontend
.NET Developer - Remote,23000,25000,.net,Mid,Fullstack
Site Reliability Engineer - Remote,20000,26000,python,Senior,Security
Remote Salesforce Developer,16000,24000,salesforce,Mid,Fullstack
Data Engineer,12600,20100,python,Mid,Big Data
Senior Java Developer | microservices,15120,21840,java,Senior,Backend
"ANDROID DEVELOPER | JAVA, KOTLIN",17640,21840,android,Mid,Mobile
Frontend (React) Developer- 100% remote,20160,30240,react,Mid,Frontend
The best Java Developer- 100% remote,21840,31920,java,Mid,Backend
"SENIOR IOS DEVELOPER | SWIFT, FINTECH",17640,21840,ios,Mid,Mobile
Technical Integration Analyst,13000,19000,,Mid,Other
iOS Developer,15000,20000,ios,Mid,Mobile
Android Developer,15450,20000,android,Mid,Mobile
DevOps Engineer,18900,27300,,Mid,DevOps
Mid Data Engineer (AWS),16800,25200,aws,Mid,Big Data
Information Security Engineer,16000,20000,,Mid,Security
Junior Information Security Analyst,10000,12000,,Junior,Security
Remote Java Engineer,16433,22536,java,Mid,Backend
.NET Developer,23100,30450,.net,Mid,Fullstack
DevOps Architecht (AWS or GCP),28000,35000,aws,Expert,DevOps
Remote Test Engineer,8000,13000,sql,Mid,Testing
Senior Oracle Developer,26880,30240,sql,Senior,Backend
ServiceNow Developer,18900,28350,javascript,Mid,Fullstack
Remote Senior Frontend React Developer,20000,28000,react,Senior,Frontend
Remote AWS Data Engineer,17850,24150,aws,Mid,Big Data
Remote Fullstack Python Engineer,16000,22000,python,Senior,Fullstack
Senior/Expert Backend Developer,30240,33600,node,Senior,Backend
SENIOR FRONT-END DEVELOPER | ANGULAR,13440,21840,angular,Senior,Frontend
Senior/Expert Angular Developer,26880,31920,angular,Senior,Frontend
IT Support Specialist,8000,9000,,Mid,Support
Remote Big Data Engineer (Python + AWS),17000,25000,python,Senior,Big Data
Senior Product Owner,18000,21000,,Senior,Product Management
"IxD Product Designer, CRO",10000,20000,,Mid,Design
Active Directory Specialist,20160,26880,,Mid,IT Administrator
Team Leader (Java/e-commerce),30240,33600,java,Expert,Backend
iOS Senior/Lead Developer,20160,33600,ios,Senior,Mobile
Mid/Senior Java Backend Engineer,13300,23300,java,Mid,Backend
Android Developer,26880,30240,android,Senior,Mobile
Junior Angular Developer,7000,10000,angular,Junior,Frontend
Principal/Lead Java Developer,19000,28500,java,Senior,Fullstack
Senior Mobile Developer,26880,31080,android,Senior,Mobile
Embedded Software Developer Android,23520,26880,c++,Senior,Embedded
Junior PHP Developer,4000,5000,php,Junior,Fullstack
Lead .NET Quant Engineer,21500,32000,.net,Senior,Backend
UX/UI Team Leader,18000,25000,,Senior,Design
Business Analyst,11760,21840,,Mid,Business Analysis
Remote Python Developer part time,7500,11000,python,Mid,Backend
Data Engineer,16800,29400,microsoft azure,Senior,Big Data
Agile Coach,10000,20000,,Mid,Agile
Product Designer (UI),15000,22000,,Senior,Design
Mid React Frontend Developer,14000,20000,react,Mid,Frontend
Mid React Frontend Developer,14000,20000,react,Mid,Frontend
Senior Backend Developer,19000,35000,,Senior,Backend
Senior C++ GAMEPLAY (Supermassive Games),22067,37561,c++,Senior,Gaming
Project Coordinator,11760,15120,,Mid,Project Manager
Test Automation Engineer,12000,19000,python,Mid,Testing
Java Developer,7000,14000,java,Junior,Backend
Senior C++ Game Engine Programmer,22067,37561,c++,Senior,Gaming
C++ Software Developer,13000,21000,c++,Mid,Gaming
Full Stack WordPress Developer,11993,23986,php,Mid,Fullstack
Mid Java Developer,13000,20000,java,Mid,Backend
Test Automation Engineer,15000,20000,javascript,Mid,Testing
Lead QA Automation Engineer,26385,30222,java,Expert,Testing
Scrum Master,13000,18000,,Mid,Agile
Senior Azure Data Engineer,26000,32000,microsoft azure,Senior,AI
Remote Senior Python Developer,23520,30240,python,Senior,Backend
APEX Developer (Remote),12000,18000,,Mid,Business Intelligence
Full Stack Software Engineer,16000,20000,java,Mid,Fullstack
Młodszy tester,6000,7500,,Junior,Testing
Junior Frontend Developer (Angular),7000,9500,angular,Junior,Frontend
Młodszy analityk systemowy,7500,9000,,Junior,Business Analysis
.Junior .Net Developer,7000,9500,.net,Junior,Backend
Junior PHP Developer,5000,9000,php,Junior,Backend
Junior Java Developer,7000,10000,java,Junior,Backend
Remote Enrichment Content Manager,6000,11000,,Junior,Big Data
Desktop Applications Engineer,16000,19000,python,Mid,Backend
Sales Dev. Representative DACH (m/f/d),9000,10000,,Junior,Sales
React Developer,21840,26880,react,Mid,Frontend
Angular Developer,15000,26800,angular,Mid,Frontend
BI/SQL Developer,15000,20000,,Mid,Business Intelligence
Junior Digital Analyst,10080,18480,,Junior,Marketing
Senior Site Reliability Engineer,23000,27000,python,Senior,Backend
System Administrator,16000,21000,,Mid,IT Administrator
IT Project Manager,10000,16000,,Mid,Project Manager
Python Developer with ETL/Azure,18480,23520,python,Mid,Backend
Machine Learning Engineer,16800,30240,,Mid,AI
BI Engineer,16800,26880,,Mid,Business Intelligence
Data Engineer,16800,30240,sql,Mid,Big Data
Frontend Engineer w/React (Senior/Staff),22000,30000,javascript,Senior,Frontend
Specjalista ds. Wdrożeń IT,7000,11000,,Mid,Support
ERP Finance Consultant,9166,10833,,Mid,Business Analysis
IT Project Manager,18480,25200,,Mid,Project Manager
Remote Linux Support Engineer with AWS,14112,17304,,Mid,Support
IT Project Manager,18480,25200,,Mid,Project Manager
Remote Linux Support Engineer with AWS,14112,17304,,Mid,Support
Regular Java Developer,20000,27000,java,Mid,Backend
Frontend Developer,21840,25200,angular,Mid,Frontend
Mid/Senior Software Engineer with C,16500,27000,c,Mid,Backend
Data Modeler BI Developer - Remote,22000,28000,,Senior,Business Intelligence
Infrastructure Team Lead,20000,22000,,Expert,IT Administrator
PL/SQL Developer,11500,21000,sql,Mid,Backend
Global Network Operations Manager,20000,26000,,Expert,Other
Programista .NET,10000,17000,.net,Mid,Fullstack
Programista Java,12000,19000,java,Mid,Fullstack
Remote Nodejs Developer,23000,31800,node,Mid,Backend
"Staff Software Engineer, Observability",24000,32000,rust,Senior,Backend
Data Scientist (Remote),16000,24000,python,Mid,AI
Senior Java Developer (ID: 11570),23520,26880,java,Senior,Backend
Mid/Senior Data Scientist,18000,20000,,Mid,Big Data
Database Administrator (MS SQL),15000,20000,,Mid,Business Intelligence
Remote QA Engineer,13000,17000,,Mid,Testing
Senior IT System Analyst,17000,21000,,Senior,Business Analysis
Fullstack Developer,25000,30000,,Mid,Fullstack
Sales Consultant Poland (m/f/d),9500,11500,,Junior,Sales
Python Developer z chemią / biologią,11760,21840,python,Mid,Fullstack
Regular .NET Developer,21840,25200,.net,Mid,Backend
IT SPECIALIST – Administrator,13500,16800,,Mid,IT Administrator
QA Automation Engineer I,11000,14500,javascript,Mid,Testing
DevOps Engineer,15000,20000,,Mid,DevOps
Junior Elixir Developer,7560,10080,,Junior,Other
Salesforce Project Manager,16000,22000,,Mid,Project Manager
Trainee DevOps Engineer,0,0,,Trainee,DevOps
Remote Fullstack Developer,15000,20000,javascript,Mid,Fullstack
Salesforce QA Engineer,18000,24000,salesforce,Mid,Testing
Junior .NET Developer,10000,15000,.net,Junior,Backend
Junior Remote Ruby on Rails Developer,8000,12000,ruby on rails,Junior,Backend
QA Automation Engineer II,16000,18500,javascript,Senior,Testing
Cisco Network Engineer,11000,16000,,Mid,IT Administrator
Senior Node.js Developer,30031,35979,node.js,Senior,Backend
Senior Fullstack Developer,30031,35979,java,Senior,Fullstack
Java Developer (Remote),35448,43344,java,Mid,Backend
Program Manager,23500,28500,,Mid,Project Manager
Flutter Developer,10000,17000,,Mid,Mobile
Product DevOps Engineer,15700,25000,aws,Mid,DevOps
Junior Data Analyst,8500,12000,,Junior,Business Analysis
Machine Learning Researcher,20160,30240,python,Mid,AI
SAP SD Functional Consultant,20000,30000,,Senior,Other
Infrastructure and Automation Engineer,25000,50000,,Mid,DevOps
Junior Java Developer - Hybrid,6000,8000,java,Junior,Fullstack
Senior Data Engineer,20000,30000,python,Senior,Big Data
IoT Edge Developer,12000,19000,,Mid,Other
Senior IoT Developer/Architect,28000,32000,,Senior,Other
IT Operations Specialist,10000,15000,,Mid,IT Administrator
Senior QA (Automation) Engineer,26187,30219,,Senior,Testing
Engineering Manager,30000,40000,python,Senior,Backend
ServiceNow Solution Designer,12000,24000,,Mid,Design
Mid Data Engineer,10000,16000,microsoft azure,Mid,Backend
ServiceNow HRSD Solution Designer,12000,24000,,Mid,Product Management
PHP Developer,10000,17000,php,Mid,Backend
Android Developer,10000,17000,android,Mid,Mobile
.Net Developer,21840,26880,.net,Mid,Backend
Data Engineer,17000,26000,,Mid,Other
Java Developer,30031,35979,java,Mid,Backend
Mid .NET Developer,10000,16000,.net,Mid,Backend
Senior Product Manager,22042,24247,,Senior,Product Management
Mid Java Developer,10000,16000,java,Mid,Backend
Mid Technical Support/IT Helpdesk,8000,12000,,Mid,Support
"Remote Fullstack Developer Java, Angular",13000,24000,java,Mid,Fullstack
Remote Back-end Java Developer,13000,24000,java,Mid,Fullstack
Senior Data Scientist (Supply Chain),29000,37000,python,Senior,AI
SQL Developer / Data Engineer,9000,13000,sql,Mid,Backend
Senior Frontend Engineer,25000,33000,javascript,Senior,Frontend
Senior QA Engineer,23520,27720,python,Mid,Testing
Staff Software Delivery Engineer,30000,40000,python,Senior,Testing
Remote Mid Golang Developer,18480,26880,golang,Mid,Backend
Remote Senior Lead Java Developer,20000,27500,java,Senior,Backend
Lead Data Engineer,16800,26880,spark,Senior,Big Data
Java Developer / Senior Java Developer,25200,30240,java,Senior,Backend
Administrative Support Specialist,10000,14000,,Mid,Other
Senior Java Developer,21840,31920,java,Mid,Backend
DWH Developer,21840,25200,,Senior,Business Intelligence
Machine Learning Engineer,17976,21000,,Mid,Business Intelligence
Big Data Engineer with Scala - Fintech,17640,35280,scala,Mid,Big Data
Remote Fullstack .NET Developer,18000,26000,.net,Mid,Fullstack
Remote Java Engineer,16000,30000,java,Mid,Backend
Remote Angular Developer,20000,25000,angular,Mid,Frontend
Senior Python Engineer,25700,38000,python,Senior,Backend
Python Engineer,20000,26000,python,Mid,Backend
Senior Data Scientist (A&PC),29000,37000,python,Senior,AI
Remote Fullstack Java Developer,16000,22000,java,Mid,Fullstack
Mid Embedded Linux Developer,13000,23000,linux,Mid,Embedded
Remote Automation Tester,7000,12000,selenium,Mid,Testing
Remote Mid/Senior Python/Django Dev,14000,23000,python,Mid,Backend
Remote Junior Java Developer,6000,11000,java,Junior,Backend
Junior/Mid Backend Java Developer,11000,14000,java,Mid,Backend
Senior Data Engineer (GCP),25200,31920,gcp,Senior,Big Data
QA Automation (Cypress) Engineer- Remote,11000,16000,cypress,Mid,Testing
Remote Senior Fullstack .NET Engineer,14000,22000,.net,Senior,Fullstack
React Senior Developer- Remote/Wroclaw,14000,24000,react,Mid,Frontend
Remote Embedded C/C++ Mid Developer,12000,17000,c++,Mid,Embedded
Principal Engineer iOS (m/f/d),28000,32000,ios,Expert,Mobile
Senior Scala Software Engineer (m/f/d),20000,27000,scala,Mid,Backend
Senior Fullstack Developer - Remote,20000,23500,javascript,Senior,Fullstack
Senior Frontend Developer,21000,22680,javascript,Senior,Frontend
Java Developer,10000,18000,java,Mid,Backend
Remote Mid/Senior QA Engineer (AWS),18816,26880,selenium,Senior,Testing
D365 Power Platform Engineer,14840,21600,,Senior,Backend
Remote Junior DevOps,12000,20000,python,Junior,DevOps
Senior Node.js Developer,21840,30240,node,Senior,Backend
Senior Java Backend Developer,20000,35000,java,Mid,Backend
Remote Mid Data Analyst,10000,15000,,Mid,Business Intelligence
Senior PHP Software Engineer,18500,24000,php,Senior,Backend
DevOps Engineer,11424,19488,,Mid,DevOps
Scala Engineer,13776,26880,scala,Mid,Backend
Frontend Developer,19200,22500,angular,Mid,Frontend
Tableau Business Analyst,16000,23000,,Mid,Business Analysis
PowerBI Consultant,16800,23520,,Mid,Business Intelligence
Salesforce Developer,25200,33600,apex,Mid,Backend
Android Framework Developer,18984,25872,android,Mid,Mobile
Enterprise Architect,22000,27000,,Senior,Backend
PHP Developer (Symfony),14000,18000,php,Mid,Backend
AI Engineer,23520,30240,,Senior,AI
Remote Senior React Frontend Developer,26000,30000,react,Senior,Frontend
Remote IOS Developer,19000,22000,ios,Mid,Mobile
REMOTE Data Engineer,20000,25000,spark,Mid,Big Data
IT Lead,16000,20000,,Mid,Business Intelligence
Technical Product Manager (Digital),25000,28000,,Mid,Product Management
Remote React / Next.js Developer,13000,16500,react,Mid,Frontend
AWS Senior/Lead DevOps/Cloud Architect,22000,32000,aws,Senior,DevOps
Remote Senior .NET Developer Backend,19950,28350,.net,Senior,Backend
GCP Senior/Lead DevOps/Cloud Architect,22000,32000,gcp,Senior,DevOps
Game QA Engineer,9000,18000,,Senior,Gaming
Junior Java Developer,11760,16800,java,Junior,Backend
Remote Magento Backend Developer,11000,15000,php,Mid,Backend
Tech Lead / Architect,17000,22000,,Senior,Backend
Mobile Developer (Android / iOS) - Mid+,18000,23000,android,Mid,Mobile
Mid Python Developer,17300,22300,python,Mid,Backend
Senior Python Developer,21500,27500,python,Senior,Backend
React/Next Developer,25200,30200,react,Mid,Frontend
SENIOR JAVA Developer (Remote),19000,25000,java,Senior,Backend
QA Engineer,9000,13000,,Mid,Testing
Junior Java Developer,7000,10000,java,Junior,Fullstack
Regular & Senior Node Developer,18000,30000,node,Mid,Backend
Senior Back-end Engineer (Java or Scala),28000,31000,java,Senior,Backend
Senior DevOps Engineer,20000,32000,,Senior,DevOps
Engineering Team Leader,18000,24000,,Senior,Other
Senior Python Developer,25000,33000,python,Senior,Backend
IT Operations Specialist,25200,26880,,Mid,IT Administrator
Senior DevOps Engineer at Cycode,18780,32866,,Senior,DevOps
DevOps Team Lead at ironSource,28171,37561,,Senior,DevOps
PHP Developer - Remote/Wroclaw,12000,18000,php,Mid,Backend
Senior Node.js Engineer,18000,25000,node.js,Senior,Backend
Java Developer,32000,42000,java,Senior,Backend
Senior Golang developer (eBPF Focused),18780,32866,golang,Senior,Security
Node Developer- Remote/Wrocław,12000,24000,node,Mid,Backend
Middle DevOps Engineer at ironSource,23476,32866,,Mid,DevOps
Remote Backend Developer,22680,26040,scala,Senior,Backend
Remote Mid Frontend Developer,12100,20160,javascript,Mid,Frontend
Remote Machine Learning Developer,13440,18500,python,Mid,AI
Remote Mid Scala Developer,12100,20160,scala,Mid,Backend
QA Engineer,19000,22000,java,Mid,Testing
QA Engineer,19000,22000,java,Mid,Testing
Remote Senior Full-stack PHP Developer,16000,22000,php,Senior,Fullstack
Remote Senior iOS Developer,22000,27000,ios,Senior,Mobile
Remote Senior Android Developer,22000,27000,android,Senior,Mobile
Senior Frontend Developer,15000,30000,javascript,Mid,Frontend
Cloud Python Developer,9000,13000,python,Mid,Backend
Product Owner,12000,18000,,Mid,Product Management
Site Reliability Engineer,18000,24000,aws,Mid,DevOps
Senior Product Designer,15000,20000,,Senior,Design
Senior Frontend Developer,29120,36400,javascript,Senior,Frontend
Remote MLOps Engineer,23520,28560,python,Mid,AI
Remote DevOps Engineer (AWS or GCP),18900,35700,python,Mid,DevOps
Software Engineer,13000,20000,python,Mid,Backend
Junior PHP Developer,8000,12000,php,Junior,Fullstack
Remote Data Engineer,15000,25000,spark,Mid,Big Data
ERP Technical Consultant,9166,10833,,Mid,Support
Junior Data Analyst,3100,5000,sql,Junior,Big Data
Scrum Master,18480,31920,,Senior,Agile
Junior Java Developer,7000,9500,java,Junior,Backend
Java Developer,26880,30240,java,Mid,Backend
Remote Frontend Developer,24000,33500,javascript,Mid,Frontend
Remote Test Automation Engineer,22000,30000,javascript,Mid,Testing
Remote .NET Engineer,26880,35280,.net,Senior,Fullstack
Senior Python Developer,26880,35280,python,Senior,Backend
Senior Frontend Developer,26880,35280,react,Senior,Frontend
Junior Graphic Designer,4500,7000,,Trainee,Other
Machine Learning Developer,19950,25830,python,Senior,AI
"Delivery Manager, Payments Systems",17000,28000,,Mid,Other
Android Developer,8500,11000,android,Mid,Mobile
Systems Engineer - Inżynier Systemowy,12000,16000,,Mid,Support
Project Manager,10000,15000,,Mid,Project Manager
Data Engineer,17640,34440,,Senior,Big Data
Remote Senior QA Automation,25200,33600,java,Senior,Testing
Senior Java Developer,25000,40320,java,Senior,Backend
Kernel Deep Learning&Automation Dev.,18500,25200,c/c++,Senior,Embedded
Remote Lead Full Stack Developer,18500,28500,angular,Senior,Fullstack
Remote AI GPU Senior Software Architect,18500,27000,c/c++,Senior,Embedded
Product Manager,19000,20000,,Mid,Product Management
Toolchain Development Engineer (GPU),18500,25200,c++,Senior,Embedded
Remote Angular Developer,19000,24000,angular,Mid,Frontend
Data Scientist,25200,26880,python,Mid,Big Data
Engineering Manager,32000,37000,java,Expert,Backend
Remote Mid Frontend Javascript Developer,11000,17000,javascript,Mid,Frontend
Java Developer,11000,17000,java,Mid,Fullstack
Middle Drupal Developer,15000,19000,php,Mid,Backend
Expert Ad Product Manager-Data Products,18000,29000,,Expert,Product Management
Senior Fullstack Developer,31457,39909,javascript,Senior,Fullstack
Senior Software Engineer (Java),25200,33600,java,Senior,Big Data
Senior .NET Developer,21840,29400,.net,Senior,Fullstack
"Staff Software Engineer, iOS (Debit+)",25792,28370,ios,Expert,Mobile
Remote Senior Java Developer,30000,34000,java,Senior,Backend
"Staff Software Engineer,Android (Debit+)",25792,28370,android,Expert,Mobile
Senior PHP Engineer,18000,22000,php,Senior,Backend
Java Developer,16000,20000,java,Mid,Backend
Senior SAP Functional Expert/Manager(FI),22000,27000,,Senior,Product Management
Project Manager,12000,22300,,Senior,Project Manager
Senior / Lead Java Engineer,25000,40000,java,Senior,Backend
Data Architect,20000,30000,,Senior,Business Intelligence
Data Analyst,12700,16500,,Mid,Other
Junior Frontend Developer (Angular),13000,16000,angular,Junior,Frontend
Middle C++ Engineer,10000,14000,c++,Mid,Backend
Senior Data Engineer (Cloud),25200,31920,gcp,Senior,Big Data
Java Developer (Mid/Senior),14000,20000,java,Mid,Backend
Customer Support,7000,12000,,Junior,Other
Java Test Automation Engineer,21128,25823,java,Mid,Testing
Senior Active Directory Engineer,18480,21840,,Mid,IT Administrator
Senior Backend Enginineer (Node.js),23476,30518,node,Senior,Backend
Middle QA Automation Engineer,12000,15000,python,Mid,Testing
Senior Frontend Developer,18000,21600,,Senior,Frontend
Senior Fronted Engineer (React),23476,30518,react,Senior,Frontend
Azure Senior/Lead DevOps/Cloud Architect,20000,32000,microsoft azure,Senior,DevOps
Big Data Engineer,26880,36960,,Mid,Big Data
Remote Android Developer,20000,28000,android,Mid,Mobile
PHP Developer,9000,15700,php,Mid,Backend
Regular / Senior C++ Developer - Remotly,16800,29400,c++,Mid,Backend
Remote AWS Big Data Developer,33096,47208,spark,Senior,Big Data
Test Manager,25000,30000,,Senior,Project Manager
Middle Frontend Developer,13000,18000,react,Mid,Frontend
Remote Software Engineer (Java),23520,28560,java,Mid,Backend
Remote Node Developer,11000,21100,node,Mid,Frontend
Product Designer,8511,12766,,Mid,Design
ServiceNow Specialist,17000,30000,,Senior,Other
QA Automation Engineer,13000,21000,javascript,Mid,Testing
Remote Mid DevOps Engineer,16000,22000,docker,Mid,DevOps
.NET Developer,12000,20000,.net,Mid,Fullstack
Android Developer,16800,23520,android,Mid,Mobile
Remote Tester Manualny entry level,4000,6000,,Trainee,Testing
AI Developer / Data Scientist,13440,25200,,Mid,AI
Head of Design,25000,28000,,Senior,Design
Java EE Developer (Regural/Senior/TL),18480,32760,java,Mid,Backend
Azure Cloud Architect,21000,36000,microsoft azure,Mid,DevOps
Software Development Technical Lead,25200,30240,.net,Senior,Backend
Senior ML Engineer,32866,42256,,Senior,Big Data
Java Developer,15120,21840,java,Mid,Backend
Remote Frontend Developer,18480,26880,react,Mid,Frontend
Mid/Senior Android Developer,12000,21000,android,Mid,Mobile
Remote .NET Engineer,20160,26880,.net,Mid,Backend
Engineering Manager,30240,33600,.net,Expert,Backend
Junior Fullstack Java Developer,6500,12500,java,Junior,Fullstack
Python Developer,17000,27000,python,Mid,Backend
BI Architect,25200,36960,,Senior,Business Intelligence
.NET Engineer,17800,30000,.net,Mid,Backend
QA Automation Engineer,12000,20000,javascript,Senior,Testing
IT Project Manager,20000,30000,,Mid,Project Manager
Fullstack Python Developer,16000,23000,python,Mid,Fullstack
Business System Analyst,9000,14500,,Mid,Business Analysis
DevOps / SRE Engineer,16000,20000,kubernetes,Mid,DevOps
IT Recruiter,7000,14000,,Mid,HR
Full Stack developer [ React/Node.js ],13000,21000,react,Mid,Frontend
Android Developer,13000,21000,android,Senior,Mobile
Java Developer,10500,19500,java,Mid,Backend
Senior NLP Data Scientist,18000,23000,python,Senior,AI
IT Business Partner,15000,20000,,Mid,Project Manager
MID REMOTE .NET DEVELOPER,18500,23500,.net,Mid,Backend
Software Engineer (Machine Learning),18842,20725,python,Mid,AI
Salesforce Mid/Senior Developer,12000,20000,,Mid,DevOps
Team Lead Java (Remote),44856,55104,java,Senior,Backend
Data Architect with AWS/Azure,21840,40320,spark,Expert,Big Data
Support/DevOps,10000,12000,,Mid,Support
Manual Tester,7000,9500,java,Mid,Testing
Remote Java Developer,14280,19320,java,Mid,Backend
Remote React Developer,12000,19000,react,Mid,Frontend
C++/UE4 MID Game Developer (REMOTE),12000,17000,c++,Mid,Gaming
Senior React / React Native Developer,19000,30000,react,Senior,Frontend
Remote DevOps Engineer,30240,36960,kubernetes,Mid,DevOps
ETL Administrator,12300,18450,sql,Mid,Big Data
Front-end Software Engineer,12800,23200,javascript,Mid,Frontend
Remote Frontend Developer,14280,19320,javascript,Mid,Frontend
Deputy Head of IT Department,15000,19000,,Senior,Other
Remote PHP Developer,12000,15000,php,Mid,Backend
Remote mid/senior Python Dev | mały team,18480,26880,python,Mid,Backend
Power BI Developer,15120,18480,,Mid,Business Intelligence
Frontend Developer (Angular),14000,19000,angular,Mid,Frontend
IT Analyst - Ferryt,11000,21000,,Senior,Business Analysis
ServiceNow CMDB Discovery Engineer,15960,28728,,Mid,Other
🤩 Python Developer 🤩,15000,20000,python,Mid,Backend
Mid Java / Fullstack Developer,16800,25200,java,Mid,Backend
Remote Senior Fullstack Developer,25000,35000,,Senior,Fullstack
Remote Fullstack Python/Typescript dev,16790,26385,python,Mid,Fullstack
Project Manager,8000,12000,,Mid,Project Manager
Remote Senior Java Developer,28000,30000,java,Senior,Backend
Backend Software Engineer,22000,30000,java,Mid,Backend
Java Development Team Lead-Remote Poland,30000,33000,java,Senior,Backend
Remote Senior Fullstack Developer,25000,30000,php,Senior,Fullstack
Senior Business Systems Analyst,17000,23000,,Senior,Business Analysis
Junior Customer Support Consultant,6666,9166,,Junior,Support
Mid/Senior iOS Developer,14000,24000,ios,Mid,Mobile
Remote QA Engineer,8000,12000,cypress,Mid,Testing
Mid/Senior Java Algorithm Engineer,13300,23300,java,Mid,Backend
Remote Manual Tester,8800,13200,,Mid,Testing
Mid/Senior Fullstack PHP Developer,15000,25000,php,Mid,Fullstack
.NET Developer,15000,20000,.net,Mid,Backend
Senior C++ Engineer,20000,25000,c++,Senior,Backend
Angular Frontend Developer (Automotive),22680,30240,angular,Mid,Frontend
Remote Junior Manual Tester,6600,9533,,Junior,Testing
Mid/Senior C++ Developer,15000,25000,c++,Mid,Backend
Junior Azure Engineer,13000,18000,,Junior,DevOps
AWS DevOps Engineer,19500,28500,aws,Senior,DevOps
Senior .Net Developer,16800,27300,.net,Senior,Backend
Senior QA Engineer,14000,17000,,Senior,Testing
Senior Frontend Engineer,30000,42000,react,Mid,Frontend
Senior PHP Engineer,18000,22000,php,Senior,Backend
Senior Backend Engineer,30000,42000,rust,Mid,Backend
IT Systems Operations Analyst,8000,9500,,Mid,Backoffice
Staff Software Engineer Machine Learning,25792,28370,,Expert,Backend
Java Developer,16000,22000,java,Mid,Backend
Project Manager,12000,22300,,Senior,Project Manager
Big Data Engineer,18000,22000,java,Senior,Big Data
Senior Platform Engineer,30000,42000,,Senior,DevOps
Senior/Mid Python Engineer (Remote),35214,42256,python,Mid,Backend
Python Tech Lead (Remote),42256,49299,python,Senior,Backend
Data Scientist,9000,18000,,Mid,Other
Trainee Java Developer,0,0,java,Trainee,Backend
Machine Learning Engineer,9000,18000,python,Mid,Big Data
Data Analyst - Data Science Team,12700,16500,,Mid,Other
Data Scientist,9000,18000,python,Mid,Big Data
Senior Android Engineer,28171,32866,android,Senior,Mobile
Remote Fullstack Ruby on Rails Developer,21587,28783,ruby on rails,Senior,Fullstack
Data Engineer,9000,18000,python,Mid,Big Data
Data Scientist Lead,20000,23000,,Expert,Other
Remote Automation Tester,11000,15000,php,Mid,Testing
Configuration Release  Analyst REMOTE,11000,15000,,Mid,IT Administrator
.NET Backend Developer,22000,25000,.net,Mid,Backend
Platform Architect (Cloud),23000,29000,,Mid,Fullstack
Senior Ruby Engineer,28171,37561,ruby,Senior,Backend
Server Administrator,20160,26040,,Mid,IT Administrator
Scrum Master,18480,20160,,Mid,Agile
Senior Python Developer,23000,28000,python,Senior,Backend
Remote JavaScript Developer,15000,19000,javascript,Mid,Frontend
Business Analyst/Product Owner,10000,12000,,Mid,Business Analysis
Remote .NET Fullstack Developer,10000,20000,.net,Mid,Fullstack
Product Support Representative,6000,10000,,Junior,Product Management
Software  Delivery Manager,10000,15000,,Mid,Project Manager
Remote Frontend Developer,10000,20000,html&css,Mid,Frontend
Senior UI Designer,15000,20000,,Senior,Design
.NET Developer (MID/Senior),12000,24000,.net,Mid,Backend
Remote Senior Frontend Developer,25000,30000,react,Senior,Frontend
Smallworld (Magik) Developer,12000,23000,smallworld (magik),Mid,Backend
Network Operations Engineer,15000,18000,,Mid,IT Administrator
Mid/Senior Software Engineer,21000,37000,java,Mid,Backend
Remote Mid C#/ .Net Developer,16800,25200,.net,Mid,Backend
Java IoT Developer,27200,38400,java,Mid,Backend
Senior Test Manager,20000,34000,java,Senior,Testing
Remote Senior Golang Engineer,27000,32000,golang,Senior,Backend
Senior Fullstack Solution Architect,25000,44000,java,Senior,Fullstack
Data Scientist,9000,12000,spark,Mid,Big Data
Android Developer,25000,36000,android,Mid,Mobile
Service Delivery Manager,20160,25200,,Mid,Sales
Remote Senior Big Data Engineer,24000,30000,spark,Senior,Big Data
Mid/Senior C++ Graphic Software Engineer,23000,28000,c++,Mid,Embedded
Remote Senior DevOps Engineer,22500,30000,sass,Senior,DevOps
SQL Developer,15120,20160,,Mid,Other
Sr. Frontend/Fullstack Software Engineer,25000,37000,javascript,Senior,Fullstack
Treasury System Implementation Cons.,10000,15000,,Mid,Other
Senior Guidewire Developer,17000,22000,guidewire,Senior,Backend
Remote Fullstack Java Engineer,25200,26880,java,Mid,Fullstack
Senior PHP Developer,13200,21000,php,Senior,Backend
Remote Senior React Developer,22000,26500,react,Senior,Frontend
Frontend Developer,10300,16400,angular,Mid,Frontend
"Test Automation Engineer (Selenium, C#)",15000,22000,selenium,Mid,Testing
Remote Full-stack .Net Developer,15000,21000,.net,Mid,Fullstack
Java Craftsman,16000,26000,java,Mid,Backend
Tech Lead Java (Remote),47208,55104,java,Senior,Backend
Junior IT Researcher,3800,3800,,Trainee,HR
"Junior Software Developer (SWAT, C#.NET)",8000,10000,.net,Junior,Backend
Digital Analyst (Google),18900,18900,,Mid,Business Analysis
Remote IT Audit Lead (Internal Audit),25872,25872,,Expert,Business Analysis
Remote Senior QA Engineer,16000,23000,selenium,Senior,Testing
QA Engineer (Linux) - Remote,13500,18500,linux,Mid,Testing
Staff Software Engineer,30000,40000,python,Senior,Backend
Remote Fullstack Developer,23000,30000,java,Mid,Fullstack
Remote Fullstack Java Engineer,23000,30000,java,Mid,Fullstack
Senior C++ Game Animation Programmer,22067,37561,c++,Senior,Gaming
Senior Fullstack Developer,19000,35000,javascript,Senior,Fullstack
Senior Frontend Developer,19000,35000,react,Senior,Frontend
Big Data Developer,19000,35000,spark,Senior,Big Data
Junior Data Scientist,13500,18500,python,Junior,Backend
Java Developer,9000,15700,java,Mid,Backend
Remote Flutter Developer,17000,22000,flutter,Mid,Mobile
Data Analyst,11760,15120,,Junior,Business Analysis
Full Stack .NET Developer,16800,26880,.net,Mid,Fullstack
Full Stack (.NET+Angular) Developer,18780,28171,.net,Senior,Fullstack
Remote SQL & Integrations Developer,11000,18000,sql,Mid,Big Data
SENIOR C++ GRAPHICS PROGRAMMER,22067,37561,c++,Senior,Gaming
Java Developer,13200,19800,java,Mid,Backend
Senior Fullstack Java Developer,16000,22000,java,Senior,Backend
Senior Full-stack .NET Developer,16000,22000,.net,Senior,Fullstack
C++ Engineer,15960,31920,c++,Mid,Backend
Technical Product Manager,25000,28000,,Mid,Product Management
Performance Tester,14000,20000,,Mid,Testing
Remote Senior Devops Engineer,19950,30450,kubernetes,Senior,DevOps
Remote Senior Java Developer,19950,30450,java,Senior,Backend
Remote Mid Frontend Developer,12600,18900,javascript,Mid,Frontend
System (Business) Analyst,5634,10329,,Mid,Business Analysis
Remote Senior Frontend Developer,19950,30450,javascript,Senior,Frontend
Sales Consultant,10000,10000,,Mid,Sales
Remote Mid/Senior Business Analyst,15000,20000,,Mid,Business Analysis
Remote Frontend Developer (VueJS),11250,22500,,Mid,Frontend
Remote PHP Backend Developer,12000,20000,php,Mid,Backend
DevOps Engineer,22000,30000,aws,Senior,DevOps
SaaS Support Software Engineer,12000,18000,,Mid,Support
ITI Change Analyst with German,12000,14000,,Mid,Backoffice
.NET/Saas Support Engineer,12000,18000,,Mid,Support
DevOps Engineer (AWS),25000,28000,aws,Senior,DevOps
Java/SaaS Support Software Engineer,15000,20000,,Senior,Support
QA JAVA,8000,12500,java,Mid,Testing
Cloud Data Engineer,15000,25000,sql,Mid,Big Data
Senior Frontend Engineer,22500,28000,typescript,Senior,Frontend
Remote Senior Java Engineer,20000,27000,java,Mid,Backend
"Front-End Engineer, Monetization",11000,19000,javascript,Mid,Frontend
Digital Workplace Product Manager,17500,20000,,Senior,Product Management
R&D System Analyst,10000,14000,,Mid,Business Analysis
Remote Data Scientist (NLP),20160,30240,python,Senior,AI
Senior Java Developer,21840,28560,java,Senior,Backend
UX/UI Designer - Remote,12000,14000,,Mid,Design
HelpDesk Specialist,6000,7800,,Mid,Support
Remote Mid/Senior Java Developer,22000,28000,java,Mid,Backend
Sr. Software Engineer (Machine Learning),22042,24247,python,Senior,AI
Senior Backend Engineer,30000,36000,java,Senior,Backend
Junior IT Analyst,5500,7500,,Junior,Business Analysis
Fullstack Java Developer,18000,25000,java,Mid,Fullstack
Remote Angular Developer,10000,14000,angular,Mid,Frontend
Business analyst ecommerce delivery,8000,14000,,Mid,Business Analysis
Remote Python Developer (Automotive),15000,21000,python,Mid,Backend
Remote Mid Backend Java Developer,13500,21000,java,Mid,Backend
Solution Architect (Data Analytics),18000,25000,,Senior,Business Intelligence
Remote Project Manager,8000,15000,,Mid,Project Manager
Test Automation Engineer,15000,17000,appium,Mid,Testing
Remote Manual Test Engineer,9000,16000,,Junior,Testing
ERP Consultant,13000,19000,java,Senior,Testing
SENIOR React Developer (Remote),19000,23000,react,Senior,Frontend
Major Incident Manager,22000,30000,,Mid,Other
Java Developer,18480,25200,java,Mid,Backend
"Remote Product Owner (Berlin, fintech)",15000,20000,,Mid,Product Management
Java Developer,13000,20000,java,Mid,Backend
PL/SQL Developer,14000,16000,,Mid,Business Intelligence
MLOps Engineer,23000,30000,python,Mid,AI
Data Engineer,20000,25000,python,Mid,Big Data
Engineering Manager,31000,37000,,Mid,Other
Senior Data Engineer,30000,40000,python,Senior,Big Data
Regular / Senior Python Developer,25000,30000,python,Mid,Backend
Mid WebMethods Developer,16800,21840,webmethods,Mid,Backend
Senior WebMethods Developer,20000,27000,java,Senior,Backend
Remote Frontend Developer,18480,23520,,Mid,Frontend
Python Senior Developer- Remote/Wroclaw,12000,20000,python,Senior,Backend
React Mid Developer- Remote/Wroclaw,9000,14000,react,Mid,Frontend
Remote Senior Java Developer,25000,35000,java,Senior,Backend
Remote Mid Level Java Developer,18000,25000,java,Mid,Backend
Support Engineer – MS 365,14000,16000,,Mid,Other
QA Automation Engineer,15000,20000,java,Senior,Testing
Front-end Developer with Vue.js,14000,20000,javascript,Mid,Frontend
Mid/Senior PHP Developer (Symfony),14000,24000,php,Mid,Backend
Remote Software Developer,24000,30000,java,Mid,Backend
Senior SAP MDG Consultant,17000,24000,,Mid,Other
Senior SAP CO Consultant,17000,24000,,Mid,Other
Młodszy Specjalista ds. Testów i Analiz,3000,5500,sql,Junior,Testing
Junior C++ Developer,4500,7000,c++,Junior,Backend
Junior Frontend Developer (React),7000,12000,react,Junior,Frontend
Junior IT Support Specialist with German,6000,8000,,Junior,Support
Junior Network Engineer,7000,11000,,Junior,IT Administrator
JAVA Developer,13000,18000,java,Mid,Fullstack
JAVA DEVELOPER  FIS University Program,6000,6500,java,Trainee,Backend
Java Engineer,18000,33000,java,Mid,Backend
Frontend Developer,16000,31000,javascript,Mid,Frontend
Quality Automation Engineer,16000,30000,python,Mid,Testing
Remote Ruby developer,17000,30000,ruby on rails,Mid,Backend
Remote DevOps Team Lead,31416,43344,aws,Senior,DevOps
Remote .NET Engineer,20000,26000,.net,Senior,Backend
Junior Java Fullstack Developer,6000,10000,java,Junior,Fullstack
Senior Mobile Android Developer Remote,23520,28560,android,Senior,Mobile
Engineering Manager,25000,35000,,Senior,Project Manager
Java Developer,17000,22000,java,Mid,Backend
Manual Test Engineer,15960,17640,sql,Junior,Testing
Head of IT Support,30000,32000,,Expert,Other
Senior Scrum Master,18000,22500,,Senior,Project Manager
Remote Blockchain Developer,16000,24000,javascript,Mid,Fullstack
Senior JavaScript Automation Specialist,27000,35200,javascript,Mid,Frontend
Remote Product Owner,12000,20000,,Mid,Project Manager
Senior Product Manager - Treasury,22500,28000,,Senior,Product Management
Remote Senior Unity Developer,15000,20000,unity,Mid,Gaming
Trainee .NET Developer,4200,4200,.net,Trainee,Fullstack
Marketing Automation Product Specialist,10000,16000,,Mid,Product Management
Java Developer - branża farmaceutyczna,18900,23100,java,Mid,Backend
Product Specialist - Manufacturing,12000,19000,,Mid,Product Management
Senior IT Business Analyst,14500,22000,,Senior,Business Analysis
Remote Senior Software Developer,19200,28800,,Senior,Backend
Product Specialist- Salesforce,10000,16000,,Mid,Product Management
Remote .NET Developer,17000,22000,.net,Junior,Backend
Senior Product Manager - Payments,22500,28000,,Senior,Product Management
Remote Fullstack Golang Engineer,26880,31920,golang,Senior,Fullstack
Junior Data Engineer,13500,16800,sql,Junior,Big Data
Remote Software Engineer .NET,15000,22000,.net,Mid,Backend
Senior/Expert React Developer,28560,33600,react,Senior,Frontend
Data Engineer,12000,18000,sql,Mid,Big Data
Remote Node.js Developer,19000,25000,node,Mid,Backend
Analityk Danych z Power BI,14700,18900,,Mid,Business Intelligence
Release Train Engineer,26880,29400,,Senior,Agile
Remote React Developer,19950,27300,react,Mid,Frontend
Senior Java Developer,20000,40000,java,Senior,Backend
Remote Senior React Fullstack Engineer,19000,27000,react,Senior,Fullstack
Remote React Fullstack Developer,14000,20000,react,Mid,Frontend
IT Project Manager (Data&AI),15000,21000,,Mid,Project Manager
Business System Analyst (Data&Analytics),15000,21000,,Mid,Business Intelligence
BI Consultant/Engineer,14000,19000,,Mid,Business Intelligence
Lead Delivery Manager (Data&AI),21000,25000,,Senior,Business Intelligence
HR / Recruitment Specialist,5000,7000,,Junior,HR
Senior JavaScript Developer,22000,30000,javascript,Senior,Backend
Senior Java Developer,23000,30000,java,Senior,Backend
Big Data Engineer,21000,37000,hadoop,Mid,Big Data
System Engineer - branża motoryzacyjna,14700,25200,,Mid,Other
HR/IT Recruiter,7000,10000,,Mid,HR
Remote Android Developer,16800,28560,android,Mid,Mobile
C Embedded Engineer with Networking,17000,22000,c,Mid,Embedded
Angular Developer,13440,20160,angular,Mid,Frontend
MID JAVA Developer (Remote),13000,19000,java,Mid,Backend
Business Systems  Analyst - Payments,10000,16000,,Mid,Business Analysis
Python Developer,16000,21000,python,Mid,Backend
Business Intelligence Developer,15000,20000,,Mid,Business Intelligence
.NET Developer,20160,25200,.net,Mid,Fullstack
Remote React.js Engineer,12700,21100,javascript,Senior,Frontend
Remote Node.js Engineer,10100,16900,node,Mid,Frontend
Remote JavaScript Engineer,11000,21100,javascript,Mid,Frontend
Remote Java Engineer,12000,21100,java,Mid,Backend
Junior Technology Business Consultant,6000,6500,,Junior,Project Manager
Project Manager,20160,25200,,Mid,Project Manager
Big Data Engineer,12700,21100,,Mid,Big Data
Remote Senior Java Developer,21840,27720,java,Senior,Backend
Remote Azure Data Engineer,20000,28000,sql,Mid,Big Data
Fullstack Developer / Team Lead,30240,38640,typescript,Senior,Fullstack
Senior Data Engineer,21000,29400,java,Senior,Big Data
Remote PHP Developer,15000,17000,php,Mid,Backend
React Developer,18480,25200,react,Mid,Frontend
React Developer,18480,25200,react,Mid,Frontend
Remote Ruby on Rails Developer,14000,18000,ruby on rails,Mid,Backend
Remote MID .NET Developer,15120,21840,.net,Mid,Backend
Azure Data Engineer,20160,26880,,Mid,Business Intelligence
Product Owner - AI/Analytics Apps,20000,25000,,Senior,Product Management
Remote Golang Engineer,17600,26400,golang,Mid,Backend
Junior Angular Developer,15700,18400,angular,Junior,Frontend
Junior Java Developer,10000,13000,java,Junior,Backend
Business Analyst,10000,14000,,Junior,Business Analysis
Junior Accounting Consultant,8000,12000,,Junior,Business Analysis
Junior PHP Developer,5000,8000,php,Trainee,Backend
Junior PHP Developer,4500,9000,php,Junior,Fullstack
Junior Business Analyst,6000,10000,,Junior,Business Analysis
ETL Engineer,16000,23000,sql,Mid,Big Data
Mid Data Warehouse Developer,7000,8300,,Mid,Business Intelligence
Python Big Data Developer,16000,23000,python,Mid,Big Data
PHP Developer,16000,18000,php,Mid,Fullstack
Embedded Software Platfrom Engineer,20000,25000,embedded,Mid,DevOps
Remote Java Developer,16000,25000,java,Mid,Backend
Java/Kotlin Developer,13776,26880,java,Mid,Backend
Junior Software Engineer,7600,11500,java,Junior,Fullstack
Snowflake Developer,14000,19000,,Mid,Business Intelligence
Mid React Developer,15000,19000,react,Mid,Frontend
Remote Mid Scala Developer,12600,18900,scala,Mid,Backend
Senior/Tech Lead Java Developer,18480,29400,java,Senior,Backend
Senior/Tech Lead .NET Developer,18480,29400,.net,Mid,Fullstack
Senior QA Engineer | Big Data,23000,30000,java,Senior,Testing
Intern Developer,0,0,.net,Trainee,Fullstack
C++ Embedded Software Engineer,17000,22000,c++,Senior,Embedded
Qualified Security Assessor (AQSA),10000,11800,microsoft azure,Mid,Security
UX Designer,9450,14175,,Mid,Design
Junior Fullstack .NET Developer,8000,10000,.net,Junior,Fullstack
Senior iOS Developer (Remote/Wrocław),16500,24000,ios,Senior,Mobile
Product Designer,9450,14175,,Mid,Design
Senior Product Designer,15750,24675,,Senior,Design
Senior Node.js Developer,16800,25200,node,Senior,Backend
Junior Architect IT,18000,22000,,Junior,Fullstack
Domain Architect IT,24000,30000,,Senior,Fullstack
C++ Software Engineer,11300,22300,c++,Mid,Embedded
Data Engineer,15000,21000,sql,Mid,Big Data
Starszy Analityk Biznesowo - Systemowy,9500,17000,,Senior,Business Analysis
Remote Mid (Angular/ React) Developer,9000,18000,javascript,Mid,Frontend
Remote Mid Java Backend Developer,9000,18000,java,Mid,Backend
Remote Senior Java Backend Developer,12000,23000,java,Senior,Backend
Analityk Biznesowo – Systemowy,7500,13000,,Mid,Business Analysis
Remote Senior (React/ Angular) Developer,12000,23000,javascript,Senior,Frontend
Javascript/React Developer,15000,25000,javascript,Mid,Frontend
Android Developer,10000,20000,android,Mid,Mobile
Java Developer,15000,20000,java,Mid,Backend
Data Scientist,18480,28560,python,Senior,AI
Data Scientist,18480,28560,python,Senior,AI
Mobile Software Engineer (iOS),12800,23200,ios,Mid,Mobile
Architekt Rozwiązań IT,20000,20000,,Mid,Other
Mobile Software Engineer (Android),12800,23200,android,Mid,Mobile
Senior Test Analyst,18000,26000,sql,Mid,Testing
Mid JavaScript Fullstack Developer,12000,19000,javascript,Mid,Fullstack
Remote PHP Software Developer,16000,20000,php,Senior,Backend
Python Test Development Engineer,18000,24000,python,Mid,Testing
System Analyst,25200,27300,,Mid,Business Analysis
GoLang Engineer for cloud native project,16500,27000,golang,Mid,Backend
Fullstack JavaScript Developer,17000,23000,javascript,Senior,Fullstack
Backend/Cloud Lead Engineer,18480,26880,golang,Senior,Backend
Test Manager / Technical Writer,23520,29400,,Senior,Testing
Python Developer with Azure,18480,25200,python,Mid,Backend
Python Developer,10000,20000,python,Mid,Backend
Senior Test Automation Engineer,9000,15000,python,Mid,Testing
Junior Deployment/ Integration Engineer,7000,14000,,Trainee,Other
Junior Full Stack Developer,4000,5000,python,Junior,Fullstack
Computer Vision Tech Lead,35000,45000,,Expert,Other
Mid/Senior Fullstack Software Engineer,13300,23300,java,Mid,Fullstack
Java Fullstack Developer,13300,23300,java,Mid,Fullstack
Senior QA Automation Engineer,16000,22000,python,Senior,Testing
Mid to Senior Remote PHP Developer,15000,20000,php,Mid,Backend
Senior React Developer,25200,35280,react,Senior,Frontend
Senior DevOps Engineer,16900,23200,python,Senior,DevOps
Senior Test Automation Engineer,15000,23500,.net,Senior,Testing
ETL Developer,13440,22680,,Mid,Backend
Java Senior/Lead Developer,19320,31920,java,Senior,Backend
DevOps Senior/Lead Engineer,18480,33600,devops,Senior,DevOps
Team Leader (Java/Kotlin),22400,30000,java,Senior,Backend
Team Leader (.NET) - Allegro Pay,22400,30000,.net,Senior,Backend
Business Analyst,10080,16800,,Mid,Business Analysis
Business Analyst,7300,10500,,Junior,Business Analysis
Test Automation Engineer,11800,18500,selenium,Mid,Testing
C#/.NET Developer,9500,18000,.net,Mid,Backend
Java Developer,11500,18000,java,Mid,Backend
Fullstack Developer,9500,18000,java,Mid,Fullstack
Junior Java Developer,7400,11500,java,Junior,Backend
Android Developer,17000,22000,android,Mid,Mobile
Senior React Developer,23000,30000,javascript,Senior,Frontend
DevOps Engineer,11800,17300,ci,Mid,DevOps
Senior Tester,11800,16500,,Senior,Testing
Application Operations Engineer,10000,16000,,Mid,IT Administrator
Test Automation Engineer (Java),12000,21500,java,Mid,Testing
Software Engineer JAVA|Kafka,18480,25200,java,Mid,Backend
Data Scientist,13000,22000,,Mid,Business Analysis
Senior SharePoint Developer,17000,25000,,Mid,IT Administrator
IT Consultant Business Integration,13000,18000,,Junior,Project Manager
Senior Cloud Engineer,16000,22500,microsoft azure,Senior,Security
Mid .NET Developer,12000,20000,.net,Mid,Fullstack
Staż inżynier systemowy/ DevOps,3700,3700,,Trainee,DevOps
Junior Software Integration Engineer,6000,9000,,Junior,Other
Microsoft Dynamics 365 Finance Lead,22000,25000,,Senior,Other
UX Designer,10000,15000,,Mid,Design
Senior Python Engineer,18000,25000,python,Senior,Backend
Senior Software Engineer (Develop. Prod),22042,24247,,Senior,Backend
Senior UX Designer,15000,20000,,Senior,Design
Frontend Engineer,16000,22000,react,Mid,Frontend
Senior Java Engineer,25200,33600,java,Senior,Backend
Remote Senior Backend Java Developer,25000,35000,java,Senior,Backend
Senior/Mid Android Developer,19320,31920,android,Mid,Mobile
"Senior Software Engineer, Fullstack",22042,24247,javascript,Senior,Fullstack
Senior Java Software Engineer,16000,24000,java,Senior,Backend
Fullstack Angular Developer,12000,17000,angular,Mid,Fullstack
PowerBI Developer,15120,25200,,Mid,Business Intelligence
Cloud Software Developer (ServiceNow/JS),10000,16000,javascript,Mid,Fullstack
Manager Software Engineer Synthetic API,25792,28370,,Senior,Project Manager
Manual Tester,6500,7500,,Junior,Testing
Specjalista/Specjalistka ds. baz danych,5500,7000,,Mid,Backend
Internships in IT,3500,3500,,Trainee,Other
Software Engineer (Synthetic API),18842,20725,python,Junior,Backend
Marketing Manager,12000,15000,,Senior,Marketing
API & Integration Engineer,8500,17000,,Mid,Support
Azure Cloud Native Developer,14000,26000,,Senior,Other
Administrator Systemów IT,20160,28560,,Mid,IT Administrator
"Big Data Engineer (Java,Spark)",12000,24000,spark,Mid,Big Data
Java Hybris Developer,15000,20000,java,Senior,DevOps
Angular Mid Frontend Developer,7000,13000,angular,Mid,Frontend
DevOps Engineer,13440,21000,aws,Mid,DevOps
Senior Frontend Developer,22547,31182,react,Senior,Frontend
Java Backend Developer,16800,26880,java,Mid,Backend
Data Scientist,13000,20000,,Mid,Business Analysis
"Java Developer (API, SpringBoot)",21000,31500,java,Mid,Backend
Business Analyst,11000,14000,,Mid,Business Analysis
Remote Python Developer,17000,19000,python,Mid,Backend
Senior Test Automation Selenium - Remote,24000,29000,selenium,Senior,Testing
Senior Software Engineer,19166,24166,angular,Senior,Fullstack
Project Manager,16000,18500,,Mid,Security
KAM for cybersecurity solutions,10000,15000,,Mid,Project Manager
Analityk CERT,10000,15000,,Mid,Security
Specialist Cyber Security Systems,15000,18000,,Mid,Security
Data Engineer (Remote),16000,28000,python,Mid,Backend
Fullstack JavaScript Engineer,10100,16900,javascript,Mid,Fullstack
Service Delivery Analyst,6500,7000,,Junior,Business Analysis
Remote Vue.js Developer,14000,17000,javascript,Mid,Frontend
Product Designer,18000,20000,,Senior,Design
Product Designer,18000,20000,,Senior,Design
Fullstack Java Developer,18480,23520,java,Mid,Fullstack
Fullstack React Developer,12000,15000,javascript,Mid,Fullstack
Program Manager,18900,25200,,Senior,Project Manager
SAP BW4 Consultant,20160,28560,,Senior,Business Intelligence
Senior UX Designer,16000,20000,,Senior,Design
Remote Mid Data Scientist,8000,15000,python,Mid,Big Data
Remote DevOps Engineer - BI Solutions,15000,23000,sql,Senior,DevOps
Information Security Consultant,25000,28000,qualys vulnerability scanner,Mid,Security
Remote Node.js Developer,9000,18000,node,Mid,Backend
Remote Big Data Developer,30240,33600,scala,Senior,Big Data
Drupal Developer,14000,20000,,Mid,Backend
AX Finance Consultant,17000,24000,,Mid,Support
Mid/Senior Linux Administrator,17000,22000,,Mid,IT Administrator
Guidewire Developer,23100,27720,guidewire,Mid,Backend
Android Tech Lead,31920,36960,android,Senior,Mobile
Sr C++ Developer for Autonomous Robots,14500,18000,c++,Senior,Embedded
Senior UX/UI Designer,16000,20000,,Senior,Design
Senior Python Software Engineer Security,19000,27000,python,Senior,Backend
"Product Manager, Partner Integrations",14000,19000,,Mid,Product Management
Android Developer,12600,21000,android,Mid,Mobile
IT Support Specialist,7000,10000,,Mid,Support
IOS Developer,12600,21000,ios,Mid,Mobile
IT Recruitment Specialist,7000,10000,,Mid,HR
Digital Office Product Manager,20000,25000,,Senior,Product Management
Solution Architect IT,21000,26000,,Mid,Fullstack
Product Manager,10000,14000,,Mid,Product Management
AWS Devops Junior Engineer,7000,9000,aws,Trainee,DevOps
Senior Business Analyst,11500,23000,,Senior,Business Analysis
"IxD Product Designer, Tutoring",12000,20000,,Mid,Design
"Senior CX Product Designer, Tutoring",15000,20000,,Mid,Design
React/NextJS Web Developer,10000,16000,react,Mid,Frontend
Junior Java Integration Developer,4500,6500,java,Trainee,Backend
.NET Back-End Developer,16800,26880,.net,Mid,Backend
Senior DevOps Engineer,26880,36120,microsoft azure,Senior,DevOps
Snowflake Engineer,17500,22800,snowflake,Mid,Big Data
Data Architect,20800,26500,sql,Senior,Big Data
IT Operations Engineer,12000,15000,,Mid,Support
Data Engineer,13000,18000,,Mid,Other
Node.JS Engineer (Senior),18000,23000,javascript,Senior,Fullstack
Node.JS Engineer (Regular),13000,19000,javascript,Mid,Fullstack
MLOps Engineer,15000,23000,aws,Mid,DevOps
Senior ML Engineer / MLOps,3055,4328,python,Senior,Backend
Fullstack .NET Developer,12000,18000,.net,Mid,Fullstack
Remote DevOps Engineer,16000,21000,jenkins,Mid,DevOps
Junior Database Developer,5040,9240,sql,Junior,Backend
Python Developer - junior,6000,12000,python,Junior,Backend
Software Test Analyst,10000,12000,java,Junior,Testing
Junior Java Developer,8000,10000,java,Junior,Frontend
Junior IT Support Specialist,4000,5000,,Junior,Support
Senior Mobile Software Engineer (UI),16900,23200,android,Senior,Mobile
Junior IT Security Analyst,7000,10000,,Junior,Support
IT Lead,16000,20000,,Senior,Business Intelligence
Ruby on Rails developer,9000,18000,ruby on rails,Mid,Backend
IT Analyst - Managed Services,7000,11000,,Junior,Support
DevOps Engineer / System Engineer,16000,24000,ansible,Mid,DevOps
Product Designer,13500,20000,,Mid,Design
"Remote Full Stack (JAVA, Angular) Dev",16170,24150,java,Mid,Fullstack
IOS Developer,12000,18000,ios,Mid,Mobile
IT Service Delivery Manager,19000,25000,,Senior,Project Manager
Remote Java Mid/Senior Developer,14000,27000,java,Mid,Backend
Senior Data Engineer (AWS),30240,35280,spark,Senior,Big Data
Senior DevOps Engineer,19000,25000,aws,Senior,DevOps
Mid DevOps Engineer,12000,19000,aws,Mid,DevOps
Senior Node.js Backend Developer,22000,30000,node,Senior,Backend
Senior System Engineer,15000,20000,,Mid,Other
Database Administrator (PostgreSQL),20000,27000,,Senior,IT Administrator
Business Analyst / Solution Consultant,10000,16000,,Mid,Business Analysis
C++ Embedded Audio Developer,12264,19152,c++,Mid,Embedded
Desktop & Embedded App/GUI Developer,12264,17808,c++,Mid,Frontend
Junior C++ Embedded Audio Developer,8400,12264,c++,Junior,Embedded
Full Stack Web Developer,15000,22000,.net,Mid,Fullstack
Manual Tester,19000,28800,,Mid,Testing
Remote Java Engineer,12000,18000,java,Senior,Backend
Senior Azure Data Engineer,25000,35000,microsoft azure,Senior,Big Data
Frontend Developer,25000,36000,angular,Mid,Frontend
Senior IT Business System Analyst,16000,20000,,Senior,Business Analysis
React Native Developer,19000,24000,react native,Mid,Frontend
Business Analyst,8000,14000,,Mid,Business Analysis
Python Data Engineer,16800,21840,python,Mid,Big Data
.NET Developer,18900,25200,.net,Mid,Backend
Salesforce Architect,15000,25000,,Mid,Project Manager
Test Automation Engineer,21840,25200,.net,Mid,Testing
Fullstack Developer,12600,18100,,Mid,Fullstack
Lead Business Analyst,17000,26000,,Expert,Business Analysis
UX Designer,10000,15000,,Mid,Design
Mobile Developer,13000,23000,,Mid,Mobile
SRE Engineer/Site Reliability Engineer,26880,31920,,Senior,DevOps
Cloud Data Developer,22000,35000,,Mid,Big Data
Senior Data Engineering Consultant,15000,25000,spark,Senior,Big Data
Remote Senior Python Fullstack Developer,22000,35000,python,Mid,Fullstack
NOC Engineer,10000,12000,,Mid,Support
Remote Cloud DevOps (ID: 11513),29400,33936,,Mid,DevOps
Senior Mobile Flutter Developer Remote,23520,28560,flutter,Senior,Mobile
Senior Java Developer,28560,35280,java,Mid,Backend
Java/JEE Backend Developer,15204,22407,java,Senior,Backend
PHP Developer,12000,18000,php,Mid,Fullstack
Angular JS Integrator,23520,28560,angular,Senior,Frontend
.NET Developer,13440,25200,.net,Mid,Backend
PowerShell Developer,15120,28560,.net,Mid,Backend
Python Data Developer,15750,24150,python,Mid,Big Data
Senior Backend Software Engineer,21000,34000,java,Senior,Backend
PHP Developer,13500,18000,php,Senior,Backend
Junior/Mid Scrum Master,11760,23520,,Mid,Other
SAP PRODUCT OWNER,16000,26000,,Mid,Product Management
SAP Product Owner,16000,26000,,Senior,Product Management
Fullstack Java Developer,10000,20000,java,Mid,Fullstack
Back End Developer UI for Mobile Robots,13500,20000,python,Mid,Backend
Lead Automation QA Engineer,28560,31920,java,Senior,Testing
Remote Mid Frontend JavaScript Developer,10000,16000,javascript,Mid,Frontend
Front End Dev for Mobile Robots,13500,18000,javascript,Mid,Frontend
System Admin (not another boring job),7000,13000,,Senior,IT Administrator
Senior React Native Engineer,29250,39000,react native,Senior,Frontend
Data Modeler,23520,30240,sql,Mid,Big Data
DevOps Engineer,9000,15700,python,Mid,DevOps
C Embedded Developer,17000,20000,c,Mid,Embedded
Mid QA Engineer for Linux/Android,10920,15960,python,Mid,Testing
Remote Mid Java Developer,12600,18900,java,Mid,Backend
AWS Architect with Data Sccience focus,16000,20500,,Mid,Big Data
Geospatial Senior Data Engineer,13000,19000,,Senior,Other
Senior Test Automation Developer,21000,29400,.net,Senior,Testing
Remote Embedded Developer,13400,21000,c++,Mid,Embedded
Product Specialist- Marketing Automation,10000,16000,,Mid,Product Management
Remote Mid Java Backend Developer,15000,21500,java,Mid,Backend
Remote Mid Front-end Developer,15000,21500,angular,Mid,Frontend
Big Data QA Engineer,10000,17000,python,Mid,Testing
Remote Mid/Senior Front-End Developer,14000,27000,react,Mid,Frontend
Cloud Dev Engineer,16000,26000,python,Mid,DevOps
Release Manager,22500,24000,,Senior,Project Manager
Remote Java Developer (Spring),10000,15000,java,Mid,Backend
QA Engineer (JavaScript),16000,30000,javascript,Mid,Testing
Java Developer,12000,19000,java,Mid,Backend
Senior AI Engineer,27000,30000,,Senior,AI
IT Solution Architect,18000,25000,,Senior,Other
Senior Azure Operations Engineer,25000,30000,microsoft azure,Senior,DevOps
"IxD Product Designer, Monetisation",12000,17000,,Mid,Design
Backend Python Developer,14000,23000,python,Mid,Backend
SQL Data Engineer,15750,18900,,Mid,Business Intelligence
System Engineer / Inżynier Systemowy,14000,20000,,Senior,IT Administrator
Remote Senior Dev Engineer,10000,18000,java,Senior,Backend
Remote Java Developer,15000,24000,java,Mid,Backend
Remote Selenium Senior QA Engineer,16800,18900,selenium,Senior,Testing
Remote Java Developer,12000,22000,java,Mid,Backend
Remote Mid Java Software Engineer,16800,18900,java,Mid,Backend
Senior Frontend (Vue.js) Developer,20000,25000,javascript,Senior,Frontend
Site Reliability Engineer,16000,26000,python,Mid,DevOps
Test Automation Engineer,15000,25000,java,Mid,Testing
Frontend Developer,6000,12000,react,Mid,Frontend
Tosca Test Consultant,14000,18000,,Mid,Testing
Java Tech Lead,40000,50000,java,Senior,Backend
Remote Mid/Senior Wordpress Developer,12300,15000,html&css,Mid,Frontend
Remote Linux Low Level Developer,14700,29400,c,Mid,Embedded
SAP SD Functional Consultant,20000,30000,,Senior,Other
Senior SAP FI/CO Consultant,18000,25000,,Mid,Other
Remote Low level Embedded engineer,21000,31500,c,Senior,Embedded
Senior Data Scientist,25000,34000,python,Senior,AI
SAP FI/CO Consultant,18000,25000,,Mid,Other
Senior Machine Learning Engineer,26000,32000,python,Senior,AI
Remote Senior Cloud Engineer,23000,35000,aws,Senior,DevOps
Junior Java Developer,6000,11000,java,Junior,Fullstack
Fullstack Developer,11000,17000,angular,Mid,Fullstack
Remote BI Developer,8000,12000,,Mid,Business Intelligence
Remote Senior QA Automation,16800,23500,javascript,Senior,Testing
Remote Senior Java Developer,20000,26800,java,Senior,Backend
Remote Senior Software Developer,16800,25200,java,Senior,Backend
Remote Senior Informatica Developer,18500,23500,postgres,Senior,Big Data
Senior .NET Test Automation Engineer,23520,26880,.net,Senior,Testing
Project Manager,12000,16000,,Mid,Project Manager
Product Manager,22000,30000,,Mid,Product Management
Remote AWS Middle DevOps Engineer,19656,31416,,Mid,DevOps
Junior .NET Developer,6000,9000,.net,Junior,Backend
Junior PHP Developer,4500,9000,php,Junior,Backend
Junior Phyton Developer,9000,15000,python,Junior,Backend
Junior DevOps Engineer,10000,15000,,Junior,DevOps
Junior Remote JavaScript Developer,7000,14000,javascript,Junior,Backend
Junior Fullstack JavaScript Developer,7000,14000,javascript,Junior,Fullstack
Junior React Developer,8000,16000,react,Junior,Frontend
Junior Python Developer,7000,10000,python,Junior,Backend
Golang Developer,24000,33600,golang,Mid,Backend
C/C++ Developer,20800,32000,c++,Mid,Backend
Fullstack Developer,20800,32000,java,Mid,Fullstack
QA Engineer,14000,18000,java,Mid,Testing
Agile Coach,19000,26000,,Mid,Agile
Backend Developer,30240,33600,kotlin or java or php,Mid,Backend
Azure DevOps Engineer,18000,28000,microsoft azure,Mid,DevOps
Programista Testów Automatycznych,16800,22680,.net,Mid,Testing
Remote C++ Engineer,18000,22000,c++,Mid,Backend
BI Consultant,14000,18000,,Mid,Business Intelligence
QA Engineer,12000,16000,python,Mid,Testing
Test Automation Engineer (Healthcare),9000,14000,java,Mid,Testing
ACA Full Stack Software Engineer,18000,25000,javascript,Mid,Fullstack
Voice Bot Designer,12000,14500,,Mid,Business Analysis
PHP Developer (Laravel),16000,22000,php,Mid,Backend
Analityk biznesowo-systemowy,15120,21840,,Senior,Business Analysis
Angular Developer,20160,25200,angular,Mid,Frontend
iOS Developer,22000,25000,swift,Senior,Mobile
Junior Node Developer,15000,18400,node,Junior,Backend
QA Engineer,11000,15000,python,Mid,Testing
Qlik Developer,16800,23520,,Mid,Business Intelligence
Scala Engineer (Senior/Staff),22000,30000,scala,Senior,Backend
JIRA SD Implementation Specialist,12000,17200,,Mid,IT Administrator
Network Engineer,18000,21000,,Senior,Support
Junior HR Administrative Assistant ,2800,3600,,Trainee,HR
QA Engineer,14391,16694,,Mid,Testing
Java Developer,16000,28000,,Mid,Backend
Frontend Developer,13776,26880,,Mid,Frontend
Junior Scala Developer,7350,10500,,Junior,Backend
Regular & Senior Backend Developer,18000,30000,,Mid,Backend
Tech Lead with Java,20500,30500,,Expert,Backend
Frontend Developer,13650,27300,,Mid,Frontend
Remote Frontend Developer,10400,14000,,Mid,Frontend
Test Automation Engineer,18480,24360,,Mid,Testing
Business Development Manager,10000,14000,,Mid,Sales
Test Automation Engineer,8000,14000,,Mid,Testing
Technical Product Owner,18480,25200,,Mid,Project Manager
.NET Developer,23520,28560,,Mid,Backend
UX Designer,8000,12000,,Mid,Design
Golang Developer,13650,27300,,Mid,Backend
Frontend Engineer,12000,16900,,Mid,Frontend
Senior Golang Engineer,20160,29400,,Senior,Backend
People Partner (Engineering)/HRBP,12500,18333,,Mid,HR
Remote Software Engineer - Kernel driver,21000,31500,,Expert,Embedded
Web Software Engineer,17000,23000,,Senior,Big Data
Technical Support Team Lead,14300,17000,,Senior,Support
Regular & Senior Python Developer,18000,28000,python,Mid,Backend
Junior Analyst,6000,6500,,Trainee,Product Management
Golang Engineer (remote),12000,18000,golang,Mid,Backend
PHP Developer (Remote),20160,26040,php,Mid,Backend
Remote .NET Engineer,21840,28560,.net,Mid,Backend
REMOTE Mid/ Senior Frontend Developer,18000,27000,angular,Mid,Frontend
Brand Designer,6500,11000,,Mid,Design
Remote Java Developer,23520,26880,java,Mid,Backend
UX Researcher,8700,17400,,Mid,Design
Network Security Engineer,16800,25200,,Mid,Security
Remote Fullstack Angular Developer,19000,24000,angular,Mid,Fullstack
Technical Support Engineer,8500,10000,,Mid,Support
Senior Backend PHP Developer Remote,23520,28560,php,Senior,Backend
Architect for Cloud Platform,24150,30240,,Mid,Backend
Data Engineer Python Remote,23000,28000,python,Senior,Backend
Senior Fullstack .NET Developer Remote,23000,27000,.net,Senior,Fullstack
ServiceNow Consultant,18900,27300,javascript,Mid,Fullstack
Java Developer,8400,15600,java,Mid,Backend
Network Security Engineer,18480,24360,,Senior,Security
Frontend Developer - Hybrid,15000,20000,java,Mid,Frontend
Java Developer Mid / Senior - Hybrid,15000,23000,java,Mid,Fullstack
Remote DevOps Engineer,30000,35000,aws,Mid,DevOps
iOS Developer (mobile) - Hybrid,16000,23000,ios,Mid,Mobile
Junior Database Administrator,11000,15000,,Junior,Other
Remote DevOps Engineer,25200,28560,,Mid,DevOps
Remote PHP Developer,22000,27500,php,Mid,Backend
Senior DevOps Engineer (Remote),22000,32000,,Senior,DevOps
Remote Senior Java Developer,22000,32000,java,Senior,Backend
QA Automation Engineer (Java),18000,20000,java,Mid,Testing
Cloud Engineer,15000,18000,aws,Mid,DevOps
Java Developer,7000,14000,java,Mid,Backend
Junior IT Support Specialist,6000,7500,,Junior,Support
Team Lead - QA Engineers' team,19000,21000,python,Expert,Testing
Intern Front-end Developer,0,0,javascript,Trainee,Frontend
Junior Recruiter,7000,9500,,Junior,HR
Software Team Leader,35000,39000,c++,Senior,Backend
Junior Power BI,6720,10080,,Junior,Business Intelligence
Junior Java Developer,8000,10000,java,Junior,Backend
Praktykant/Praktykantka,0,0,,Trainee,Backoffice
Junior Power BI Consultant,5000,8000,,Junior,Business Intelligence
Remote Junior Fullstack C++ Developer,6000,9000,c++,Junior,Fullstack
Junior Frontend Developer (Angular 12),11760,16800,angular,Junior,Frontend
Junior Sales Manager,7000,8000,,Trainee,Sales
Junior Software Tester,6000,8000,android,Junior,Testing
"Junior DevOps (Kubernetes, ELK, Kafka)",11760,16800,,Junior,DevOps
Junior Business Analyst,6000,10000,,Junior,Business Analysis
Junior IT Analyst,10080,12600,,Junior,Business Analysis
Junior Security Analyst,6000,9000,siem,Junior,Security
Mathematical modeler/data scientist,8000,15000,,Mid,Business Analysis
Junior Chatbot Developer,15120,25200,,Junior,Fullstack
Junior C#/.NET Developer,7400,11500,.net,Junior,Backend
Junior Test Automation Engineer,6000,10000,java,Junior,Testing
Junior IT Administrator,5000,7000,,Junior,IT Administrator
Quality Assurance Specialist,8075,14000,salesforce,Mid,Testing
Junior Quality Assurance Specialist,4000,8000,testing,Junior,Testing
Junior Salesforce/Fullstack Developer,5000,10000,java,Junior,Fullstack
Java Developer,14000,18000,java,Mid,Backend
Junior PHP Developer,7980,11025,php,Junior,Backend
Mid Backend Java Developer,14700,19530,java,Mid,Backend
Lead Senior Java Developer,25200,31500,java,Senior,Backend
Salesforce/Fullstack Developer,12750,21850,java,Mid,Fullstack
Salesforce Consultant/Business Analyst,12750,21850,,Mid,Business Analysis
Agile Coach,20000,26000,,Senior,Agile
Scrum Master,11475,20125,,Mid,Agile
Senior Magento Developer,16800,25200,php,Senior,Backend
Java Engineer - Distributed Systems,22000,32000,java,Mid,Backend
Junior Project Coordinator,3500,5000,,Trainee,Project Manager
Junior IT Support,6000,7500,,Junior,Support
Młodszy Tester Manualny,6500,7500,selenium,Junior,Testing
Junior Frontend Developer,5000,8000,javascript,Junior,Frontend
Junior Golang Developer,11000,17000,golang,Junior,Backend
Junior Web Developer,7000,9000,,Junior,DevOps
Junior Backend Developer,8400,10800,java,Junior,Backend
Konsultant - Business Intelligence / BI,7500,12000,,Mid,Business Intelligence
Site Reliability Engineer (Senior/Staff),22000,30000,aws,Senior,Backend
Remote Junior Java Developer,8000,12000,java,Junior,Backend
Junior Technical Support Engineer,7000,9000,,Junior,Support
Trainee IT Support Specialist,5040,10080,,Trainee,Support
Junior Account Manager,3000,5000,,Junior,Sales
Technical Product Manager -Observability,22000,30000,,Senior,Product Management
Engineering Manager - Observability,22000,30000,,Senior,Backend
Remote React Developer,16000,21800,react,Mid,Frontend
Agile Consultant (aka Agile Coach),21000,25200,,Senior,Agile
Remote Scrum Master,16000,20000,,Mid,Agile
